{
  "train_loss": [
    0.4717747488627783,
    0.29510996902314457,
    0.2505070780439321,
    0.2183751301243464,
    0.1951900500945821,
    0.17449477317686682,
    0.15637453596456283,
    0.14067990444667122,
    0.1304299046598426,
    0.1251517585434759,
    0.12422956277838043,
    0.11117561963581939,
    0.10699033637562708,
    0.10030077926721401,
    0.10425957359238588,
    0.09310396343629315,
    0.0950551412204952,
    0.089865523852022,
    0.08922245260646496,
    0.08590402626267317,
    0.08695816616526549,
    0.08184253493569645,
    0.08353567744326489,
    0.0865574552928285,
    0.07564258819622299,
    0.07811483862936025,
    0.07525778582705074,
    0.07884342562759918,
    0.07376054055412742,
    0.06753505760688325,
    0.07212460064468228,
    0.07289138550842317,
    0.06725659161448691,
    0.07352479479391376,
    0.07492770956934704,
    0.07155622366466946,
    0.06561459608225836,
    0.06760212840642148,
    0.06636815759167741,
    0.06430168971932643,
    0.06886564303064992,
    0.06675879631032747,
    0.06711703231974078,
    0.06960470378627033,
    0.07089245925907214,
    0.06463403795470568,
    0.06400425600804793,
    0.06446064850693303,
    0.0608517923829856
  ],
  "val_loss": [
    0.28678604591460455,
    0.23848884034724463,
    0.21649632976168678,
    0.1880469411611557,
    0.17094481601601555,
    0.1557705739566258,
    0.1407041535632951,
    0.11962621325538272,
    0.11614203831979207,
    0.11776538506859825,
    0.09648724479334694,
    0.11241449400073006,
    0.09660578476531165,
    0.09956043718826203,
    0.08440625644155911,
    0.07880742921006112,
    0.08006233289128258,
    0.08143495018283527,
    0.0912120004494985,
    0.07898395446084795,
    0.06792474096020062,
    0.0833418747144086,
    0.08774069217698914,
    0.08066552868911198,
    0.06954168154370217,
    0.07000477050741513,
    0.08030910278360048,
    0.07026116979264077,
    0.07866655879787036,
    0.06517004707739467,
    0.07054054232580322,
    0.06794777086802892,
    0.0657389124518349,
    0.06819200583866665,
    0.07714980823653085,
    0.07935394677377883,
    0.07624333544146447,
    0.06957296513375782,
    0.0570791551896504,
    0.06451367928868249,
    0.0708113453288873,
    0.06646533363631793,
    0.06221881760018212,
    0.0695883292314552,
    0.07556323853277025,
    0.06638865690146174,
    0.06732591881638482,
    0.06024856964747111,
    0.07553665547143845
  ],
  "train_acc": [
    0.774942587403869,
    0.8665986220944321,
    0.8895126307883655,
    0.9051288593968252,
    0.9161520796091042,
    0.9238581270701911,
    0.9351365144260686,
    0.9423322276060421,
    0.946465935202757,
    0.9490176065474878,
    0.9497831079326561,
    0.9542230160755295,
    0.9578463893820054,
    0.9619800969726365,
    0.9583567236539934,
    0.9644297014514108,
    0.9647359020158204,
    0.9640724674601067,
    0.9655014034161977,
    0.9671855065189292,
    0.96575657056588,
    0.9673896402112986,
    0.968512375621231,
    0.9685123756029801,
    0.9710640469659619,
    0.9714212809359732,
    0.9723909160591383,
    0.9696351109946617,
    0.9717274815125501,
    0.9756570553834355,
    0.9738198520000202,
    0.973309517731074,
    0.9746363868455432,
    0.9720847155008123,
    0.9729012503189589,
    0.9728502168890225,
    0.9754018882520042,
    0.9751977545413839,
    0.9757591222341829,
    0.976932891055801,
    0.975197754523133,
    0.9744832865466083,
    0.9757591222372247,
    0.9746874202572287,
    0.9738708854269148,
    0.9761163562102779,
    0.9755549885144371,
    0.9762184230823181,
    0.9780556264353152
  ],
  "val_acc": [
    0.8628571426300775,
    0.8795238102050055,
    0.8845238102050055,
    0.8969047625859579,
    0.9076190483002435,
    0.9207142856007531,
    0.9252380951245626,
    0.9454761897949945,
    0.9449999998864673,
    0.9445238088426136,
    0.9535714278902326,
    0.9476190469378517,
    0.9561904764175415,
    0.956666666893732,
    0.9621428568022592,
    0.9661904758498783,
    0.964999999659402,
    0.9666666663260687,
    0.9592857145127796,
    0.9652380948974972,
    0.9683333329927354,
    0.964999999659402,
    0.9619047615641639,
    0.964999999659402,
    0.9697619044213068,
    0.9704761901355925,
    0.9676190472784496,
    0.9678571425165449,
    0.9683333329927354,
    0.9697619044213068,
    0.9714285710879734,
    0.9695238091832116,
    0.9721428568022592,
    0.9697619044213068,
    0.9640476192746844,
    0.9657142853736878,
    0.9695238091832116,
    0.9711904758498782,
    0.9745238091832116,
    0.9723809520403545,
    0.9707142853736878,
    0.9723809520403545,
    0.9728571425165449,
    0.9716666663260687,
    0.9692857139451163,
    0.9735714282308306,
    0.9707142853736878,
    0.9747619044213068,
    0.9695238091832116
  ]
}