{
  "accuracy": 0.8642857142857143,
  "precision": 1.0,
  "recall": 0.7507651945780498,
  "f1": 0.8576423576423576,
  "balanced_accuracy": 0.8753825972890249,
  "specificity": 0.9999999999947726
}