{
  "train_loss": [
    0.4717747488627783
  ],
  "val_loss": [
    0.28678604591460455
  ],
  "train_acc": [
    0.774942587403869
  ],
  "val_acc": [
    0.8628571426300775
  ]
}